invoice_id,subscription_id,payment_date,amount,payment_status
INV-000001,SUB-00001,2023-01-20 10:00:00,699.00,paid
INV-000002,SUB-00001,2023-02-20 10:00:00,699.00,paid
INV-000003,SUB-00001,2023-03-20 10:00:00,699.00,paid
INV-000004,SUB-00002,2023-01-25 15:30:00,199.00,paid
INV-000005,SUB-00002,2023-02-25 15:30:00,199.00,paid
INV-000006,SUB-00002,2023-03-25 15:30:00,199.00,paid
INV-000007,SUB-00003,2023-02-10 12:00:00,79.00,paid
INV-000008,SUB-00003,2023-03-10 12:00:00,79.00,paid
INV-000009,SUB-00005,2023-03-08 11:30:00,699.00,paid
INV-000010,SUB-00006,2023-03-18 19:00:00,199.00,paid
INV-000011,SUB-00006,2023-04-18 19:00:00,199.00,paid
INV-000012,SUB-00007,2023-04-01 09:00:00,79.00,paid
INV-000013,SUB-00009,2023-04-26 16:20:00,199.00,paid
